movieNo,name,imgLink
11557,,none
10838,루슬란 시바체프,none
8189,,none
8147,이완민,none
9252,조쉬 야노위즈,none
8471,,none
10917,,none
10917,샤르 드 모,none
9432,이성태,https://search.pstatic.net/common?type=a&size=120x150&quality=95&direct=true&src=http%3A%2F%2Fsstatic.naver.net%2Fpeople%2F107%2F201611171807535911.jpg
8109,우시지마 신이치로,none
11150,크리스토퍼 테드릭,none
11323,최은종,none
9000,곽옥룡,none
8034,필동,none
11594,,none
11553,브라이언 스키바,none
10458,,none
9131,랜달 라이트,none
11594,이수성,https://search.pstatic.net/common?type=a&size=120x150&quality=95&direct=true&src=http%3A%2F%2Fsstatic.naver.net%2Fpeople%2F63%2F201412191215131881.jpg
10110,리처드 글레이저,none
10877,피터 스트릭랜드,none
11110,김나경,none
11074,호아킨 가마스,none
7501,제임스 왓킨스,none
9378,구스타브 몰러,none
11557,김동일,none
7985,아크텐 세이타블라예프,none
11429,마크 윌리엄스,none
8898,,none
11007,알베르트 핀토,none
8471,황송,none
11150,,none
8630,숀 로버트 스미스,none
8898,유성호,none
10838,아나톨리 보로디치,none
9519,문현성,https://search.pstatic.net/common?type=ofullfill&size=120x150&quality=95&direct=true&src=http%3A%2F%2Fsstatic.naver.net%2Fpeople%2F126%2F201204161758508751.jpg
7465,이현정,none
11092,이승원,none
8251,김홍선,https://search.pstatic.net/common?type=a&size=120x150&quality=95&direct=true&src=http%3A%2F%2Fsstatic.naver.net%2Fpeople%2F109%2F201411041440218781.jpg
10370,,none
7592,홍상수,https://search.pstatic.net/common?type=a&size=120x150&quality=95&direct=true&src=http%3A%2F%2Fsstatic.naver.net%2Fpeople%2F63%2F201404171451029001.jpg
7480,스코트 데릭슨,none
8075,아니쉬 차간티,none
10877,,none
10458,앤드류 안,none
9210,,none
7480,,none
11007,,none
9378,,none
9000,,none
9252,,none
8034,,none
10110,워시 웨스트모어랜드,none
10370,조성규,https://search.pstatic.net/common?type=a&size=120x150&quality=95&direct=true&src=http%3A%2F%2Fsstatic.naver.net%2Fpeople%2Fportrait%2F201407%2F20140729162349492.jpg
7985,,none
9432,,none
11175,이준익,https://search.pstatic.net/common?type=a&size=120x150&quality=95&direct=true&src=http%3A%2F%2Fsstatic.naver.net%2Fpeople%2F149%2F201404021156302941.jpg
9210,레니 할린,none
7465,,none
8630,,none
9369,,none
11074,,none
9519,,none
11323,,none
8123,,none
10110,,none
11092,,none
7501,,none
8251,,none
8147,,none
11553,,none
9131,,none
8109,,none
11110,,none
9369,미키 타카히로,none
8189,문소리,none
11429,,none
8075,,none
7592,,none
11175,,none
8123,하나부사 츠토무,none
10838,,none
11175,이준익,https://search.pstatic.net/common?type=a&size=120x150&quality=95&direct=true&src=http%3A%2F%2Fsstatic.naver.net%2Fpeople%2F149%2F201404021156302941.jpg
11566,타일러 닐슨,none
11516,,none
11379,박훈정,https://search.pstatic.net/common?type=a&size=120x150&quality=95&direct=true&src=http%3A%2F%2Fsstatic.naver.net%2Fpeople%2F113%2F201807051646417381.jpg
11289,클로이 자오,none
11207,저스틴 벤슨,none
11234,관지요,none
11320,채밀결,none
9009,이용주,https://search.pstatic.net/common?type=a&size=120x150&quality=95&direct=true&src=http%3A%2F%2Fsstatic.naver.net%2Fpeople%2Fportrait%2F201110%2F20111012171735324.jpg
11207,아론 무어헤드,none
11411,,none
11204,오윤동,none
11392,신동일,https://search.pstatic.net/common?type=a&size=120x150&quality=95&direct=true&src=http%3A%2F%2Fsstatic.naver.net%2Fpeople%2F64%2F20070213171920197591122.jpg
9681,페트르 가르도스,none
9775,리스 오스볼,none
11566,마이크 슈왈츠,none
11181,박근영,none
10858,세르게이 드보르세보이,none
10993,박선주,none
11575,로젠느 리앙,none
11312,존 패트릭 샤인리,none
11415,,none
11568,구로사와 기요시,https://search.pstatic.net/common?type=a&size=120x150&quality=95&direct=true&src=http%3A%2F%2Fsstatic.naver.net%2Fpeople%2F186%2F201611031859075781.jpg
11360,,none
11415,한현석,none
11453,윤여창,https://search.pstatic.net/common?type=ofullfill&size=120x150&quality=95&direct=true&src=http%3A%2F%2Fsstatic.naver.net%2Fpeople%2F178%2F201705161910284221.jpg
11516,론 쉐르픽,none
11566,,none
9430,,none
11299,클로스 드렉셀,none
11292,등위봉,none
11509,임진쇠,none
11031,파보 웨스터버그,none
11299,,none
9430,주현숙,none
11155,이창무,none
11414,카와구치 케이이치로,none
11360,미하 로사,none
11155,,none
11476,일리야 나이슐러,none
11110,김나경,none
11411,조바른,none
11451,백승기,https://search.pstatic.net/common?type=a&size=120x150&quality=95&direct=true&src=http%3A%2F%2Fsstatic.naver.net%2Fpeople%2Fportrait%2F202103%2F20210324155931128.jpg
11449,쿠로야나기 토시마사,none
11280,플로리안 젤러,none
11536,최재훈,https://search.pstatic.net/common?type=ofullfill&size=120x150&quality=95&direct=true&src=http%3A%2F%2Fsstatic.naver.net%2Fpeople%2F106%2F20100604150026961.jpg
9681,,none
9487,남승석,none
11451,,none
11207,,none
11392,,none
11289,,none
11476,,none
11320,,none
11312,,none
11509,,none
11575,,none
8977,이수정,https://ssl.pstatic.net/sstatic/keypage/outside/scui/people/img/no_img7.gif
9671,이환,https://search.pstatic.net/common?type=a&size=120x150&quality=95&direct=true&src=http%3A%2F%2Fsstatic.naver.net%2Fpeople%2F26%2F201809191530194991.jpg
11292,,none
9487,,none
11414,,none
10843,김종관,https://search.pstatic.net/common?type=a&size=120x150&quality=95&direct=true&src=http%3A%2F%2Fsstatic.naver.net%2Fpeople%2Fportrait%2F201003%2F2010030822583278.jpg
11181,,none
8977,,none
9671,,none
11536,,none
9775,,none
11234,,none
11379,,none
11453,,none
11568,,none
10843,,none
11110,,none
11031,,none
11234,왕정,none
11449,,none
9009,,none
11204,,none
10858,,none
11280,,none
10993,,none
11175,,none
10838,루슬란 시바체프,none
9000,곽옥룡,none
9519,문현성,https://search.pstatic.net/common?type=ofullfill&size=120x150&quality=95&direct=true&src=http%3A%2F%2Fsstatic.naver.net%2Fpeople%2F126%2F201204161758508751.jpg
8898,유성호,none
10110,리처드 글레이저,none
11150,크리스토퍼 테드릭,none
9252,조쉬 야노위즈,none
11553,브라이언 스키바,none
7985,아크텐 세이타블라예프,none
11074,호아킨 가마스,none
11110,김나경,none
9378,구스타브 몰러,none
8630,숀 로버트 스미스,none
8471,황송,none
10877,피터 스트릭랜드,none
10838,아나톨리 보로디치,none
9432,이성태,https://search.pstatic.net/common?type=a&size=120x150&quality=95&direct=true&src=http%3A%2F%2Fsstatic.naver.net%2Fpeople%2F107%2F201611171807535911.jpg
8109,,none
8034,필동,none
10917,샤르 드 모,none
8189,문소리,none
8147,,none
8898,,none
10370,조성규,https://search.pstatic.net/common?type=a&size=120x150&quality=95&direct=true&src=http%3A%2F%2Fsstatic.naver.net%2Fpeople%2Fportrait%2F201407%2F20140729162349492.jpg
9210,,none
8109,우시지마 신이치로,none
11594,이수성,https://search.pstatic.net/common?type=a&size=120x150&quality=95&direct=true&src=http%3A%2F%2Fsstatic.naver.net%2Fpeople%2F63%2F201412191215131881.jpg
11557,,none
9378,,none
8251,김홍선,https://search.pstatic.net/common?type=a&size=120x150&quality=95&direct=true&src=http%3A%2F%2Fsstatic.naver.net%2Fpeople%2F109%2F201411041440218781.jpg
11429,마크 윌리엄스,none
9000,,none
10838,,none
9369,,none
7465,이현정,none
11429,,none
8630,,none
11323,최은종,none
8034,,none
8471,,none
11092,,none
9432,,none
8123,하나부사 츠토무,none
7501,제임스 왓킨스,none
8123,,none
10458,앤드류 안,none
11553,,none
11323,,none
9131,,none
7480,,none
8251,,none
11110,,none
10110,워시 웨스트모어랜드,none
11092,이승원,none
8147,이완민,none
11007,,none
7592,홍상수,https://search.pstatic.net/common?type=a&size=120x150&quality=95&direct=true&src=http%3A%2F%2Fsstatic.naver.net%2Fpeople%2F63%2F201404171451029001.jpg
11175,이준익,https://search.pstatic.net/common?type=a&size=120x150&quality=95&direct=true&src=http%3A%2F%2Fsstatic.naver.net%2Fpeople%2F149%2F201404021156302941.jpg
10917,,none
11557,김동일,none
10370,,none
11150,,none
8075,아니쉬 차간티,none
7501,,none
10110,,none
11007,알베르트 핀토,none
8189,,none
9131,랜달 라이트,none
9252,,none
9210,레니 할린,none
7480,스코트 데릭슨,none
7592,,none
11175,,none
10877,,none
7465,,none
9369,미키 타카히로,none
10458,,none
8075,,none
11594,,none
7985,,none
9519,,none
11074,,none
9432,손정화,none
8251,주민준,none
9432,고진우,none
7592,샤히라 파미,none
8147,손진선,none
9432,서수영,none
9432,왕나경,none
9432,조나나,none
9432,오광석,none
9432,조두영,none
9369,다니무라 미쓰키,none
8147,노기석,none
8147,이한균,none
7592,윤희선,https://ssl.pstatic.net/sstatic/keypage/outside/scui/people/img/no_img7.gif
9432,유형서,none
8147,최동민,none
8147,임태건,none
9432,길종완,none
9432,김이현,https://ssl.pstatic.net/sstatic/keypage/outside/scui/people/img/no_img7.gif
8251,홍희자,none
9432,장현아,https://search.pstatic.net/common?type=ofullfill&size=120x150&quality=95&direct=true&src=http%3A%2F%2Fsstatic.naver.net%2Fpeople%2F86%2F20070601113005197928292.jpg
8251,신대기,none
9432,김다연,none
9378,제시카 디니지,none
8251,선호삼,none
8251,박점순,none
9432,허유리,none
9432,류성민,none
9432,정우민,none
9432,문우빈,https://search.pstatic.net/common?type=ofullfill&size=120x150&quality=95&direct=true&src=http%3A%2F%2Fsstatic.naver.net%2Fpeople%2F34%2F200812301257192391.jpg
9378,카틴카 에버스-얀센,none
9378,자콥 세데르그렌,none
9432,이서경,none
9432,길성섭,https://search.pstatic.net/common?type=a&size=120x150&quality=95&direct=true&src=http%3A%2F%2Fsstatic.naver.net%2Fpeople%2Fportrait%2F202011%2F2020110420170479-5103666.jpg
9432,김세리,none
8251,강희중,none
9432,변정현,none
9432,진원조,none
8251,윤재희,none
7465,정아윤,none
7465,유가영,none
9432,선혜진,none
9432,조윤주,none
9432,최담,none
8109,미키 신이치로,none
9432,차정훈,none
9432,백초아,none
8147,정경임,none
10370,조은민,none
7465,이채령,none
9519,박용균,none
9432,김다슬,none
9378,야콥 울힉 로만,none
8034,유연우,none
8147,태준호,none
8147,문민선,none
8147,김진래,none
9432,강재은,none
11594,권범택,https://search.pstatic.net/common?type=a&size=120x150&quality=95&direct=true&src=http%3A%2F%2Fsstatic.naver.net%2Fpeople%2F130%2F201406261528252201.jpg
8147,홍현정,none
8147,박종범,https://search.pstatic.net/common?type=ofullfill&size=120x150&quality=95&direct=true&src=http%3A%2F%2Fsstatic.naver.net%2Fpeople%2F160%2F201912021747189321.jpg
8147,최마가렛,none
9432,주혜리,https://ssl.pstatic.net/sstatic/keypage/outside/scui/people/img/no_img7.gif
9432,신재민,https://search.pstatic.net/common?type=ofullfill&size=120x150&quality=95&direct=true&src=http%3A%2F%2Fsstatic.naver.net%2Fpeople%2Fportrait%2F201802%2F20180212200957958-9357054.jpg
8147,엄상제,none
9432,안재원,none
8147,김후규,none
8251,우정옥,none
10370,하헌정,none
11557,봉쇄 수도자 6인,none
8251,이재윤,https://ssl.pstatic.net/sstatic/keypage/outside/scui/people/img/no_img7.gif
9432,이태린,none
8147,조호천,none
9432,이태영,https://search.pstatic.net/common?type=ofullfill&size=120x150&quality=95&direct=true&src=http%3A%2F%2Fsstatic.naver.net%2Fpeople%2Fportrait%2F202009%2F20200921023337464-6388363.png
9432,윤호,none
8189,서효승,none
8251,이원욱,none
9369,다마야마 테쓰지,none
9432,김원식,https://search.pstatic.net/common?type=ofullfill&size=120x150&quality=95&direct=true&src=http%3A%2F%2Fsstatic.naver.net%2Fpeople%2F112%2F201807241830589581.jpg
8147,강순란,none
7501,켈리 라일리,none
10110,줄리안 무어,https://search.pstatic.net/common?type=a&size=120x150&quality=95&direct=true&src=http%3A%2F%2Fsstatic.naver.net%2Fpeople%2F169%2F201701061753087351.jpg
8251,정용구,none
9432,최필규,none
9519,백주환,none
9432,이한결,none
11150,미아 딜론,none
8251,곽정길,none
8251,김현욱,https://ssl.pstatic.net/sstatic/keypage/outside/scui/people/img/no_img7.gif
9210,우첸위,none
9432,김도하,https://search.pstatic.net/common?type=ofullfill&size=120x150&quality=95&direct=true&src=http%3A%2F%2Fsstatic.naver.net%2Fpeople%2F104%2F201208211639017911.jpg
9432,박종수,https://search.pstatic.net/common?type=ofullfill&size=120x150&quality=95&direct=true&src=http%3A%2F%2Fsstatic.naver.net%2Fpeople%2F6%2F201511161720436721.jpg
9432,변희봉,https://search.pstatic.net/common?type=a&size=120x150&quality=95&direct=true&src=http%3A%2F%2Fsstatic.naver.net%2Fpeople%2Fportrait%2F201505%2F2015051411155288.jpg
9519,정도원,https://search.pstatic.net/common?type=a&size=120x150&quality=95&direct=true&src=http%3A%2F%2Fsstatic.naver.net%2Fpeople%2F117%2F201801081835541281.jpg
9519,나대한,none
9519,서광재,none
10370,김미재,none
10838,이창민,none
8034,문서연,none
9519,안소림,none
10458,조 서,https://ssl.pstatic.net/sstatic/keypage/outside/scui/people/img/no_img7.gif
9519,장문규,https://search.pstatic.net/common?type=ofullfill&size=120x150&quality=95&direct=true&src=http%3A%2F%2Fsstatic.naver.net%2Fpeople%2Fportrait%2F201302%2F20130225210508828-4916922.jpg
10370,김나은,https://ssl.pstatic.net/sstatic/keypage/outside/scui/people/img/no_img7.gif
9519,이종운,none
9432,신지웅,none
10370,김다혜,https://ssl.pstatic.net/sstatic/keypage/outside/scui/people/img/no_img7.gif
9432,조아진,none
10370,권정미,none
9432,김정준,https://search.pstatic.net/common?type=ofullfill&size=120x150&quality=95&direct=true&src=http%3A%2F%2Fsstatic.naver.net%2Fpeople%2F110%2F200906221508319511.jpg
8251,김민상,https://search.pstatic.net/common?type=ofullfill&size=120x150&quality=95&direct=true&src=http%3A%2F%2Fsstatic.naver.net%2Fpeople%2F9%2F20100125220655991.jpg
8034,지니,none
10370,안지혜,https://search.pstatic.net/common?type=a&size=120x150&quality=95&direct=true&src=http%3A%2F%2Fsstatic.naver.net%2Fpeople%2F81%2F201608231627349401.jpg
11150,셀리나 제이드,none
8034,강재훈,none
10370,이정현,https://search.pstatic.net/common?type=ofullfill&size=120x150&quality=95&direct=true&src=http%3A%2F%2Fsstatic.naver.net%2Fpeople%2F92%2F201911151340067581.png
10370,이현구,none
10370,이은하,none
10370,박설아,none
11092,홍기,none
10370,김숙현,none
8034,길태호,none
9432,배기범,none
11092,김성민,https://search.pstatic.net/common?type=ofullfill&size=120x150&quality=95&direct=true&src=http%3A%2F%2Fsstatic.naver.net%2Fpeople%2Fportrait%2F201402%2F20140219122424570.jpg
9210,고이상,none
10370,김이랑,none
9519,김희원,https://search.pstatic.net/common?type=a&size=120x150&quality=95&direct=true&src=http%3A%2F%2Fsstatic.naver.net%2Fpeople%2Fportrait%2F201405%2F20140515132216682-5349227.jpg
9519,이창선,https://ssl.pstatic.net/sstatic/keypage/outside/scui/people/img/no_img7.gif
9519,주진모,https://search.pstatic.net/common?type=a&size=120x150&quality=95&direct=true&src=http%3A%2F%2Fsstatic.naver.net%2Fpeople%2Fportrait%2F201712%2F20171204173641114.jpg
9432,조한이,none
8034,박정우,none
11150,케이트 미들턴,none
9519,이원,none
9210,빅토리아,none
9519,조제웅,none
9519,전승재,none
10370,이재삼,none
10370,양효주,none
9519,문경민,none
9519,서병철,https://search.pstatic.net/common?type=a&size=120x150&quality=95&direct=true&src=http%3A%2F%2Fsstatic.naver.net%2Fpeople%2F107%2F201308191148104721.jpg
10877,캐롤라인 캣츠,none
9432,이태경,none
9519,김응수,https://search.pstatic.net/common?type=a&size=120x150&quality=95&direct=true&src=http%3A%2F%2Fsstatic.naver.net%2Fpeople%2F49%2F200802131144125281.jpg
9210,왕리홍,none
8189,최유정,https://ssl.pstatic.net/sstatic/keypage/outside/scui/people/img/no_img7.gif
11150,케어 둘리,none
11007,비아 세구라,none
10877,헤일리 스콰이어,none
11074,다니엘라 리오티,none
9432,박정호,none
9432,이혜원,https://ssl.pstatic.net/sstatic/keypage/outside/scui/people/img/no_img7.gif
9519,강준,none
9519,김동인,none
8189,공상아,https://search.pstatic.net/common?type=a&size=120x150&quality=95&direct=true&src=http%3A%2F%2Fsstatic.naver.net%2Fpeople%2Fportrait%2F201306%2F20130620104522610-924829.jpg
11323,윤재,none
9519,최강철,none
9519,정해인,https://search.pstatic.net/common?type=a&size=120x150&quality=95&direct=true&src=http%3A%2F%2Fsstatic.naver.net%2Fpeople%2Fportrait%2F201912%2F20191218194557379.jpg
8189,보현,none
10370,송소라,none
8034,이슬,https://ssl.pstatic.net/sstatic/keypage/outside/scui/people/img/no_img7.gif
9519,윤호정,none
8189,박인희,none
8189,이정익,none
8189,이승연,none
10370,박경옥,https://ssl.pstatic.net/sstatic/keypage/outside/scui/people/img/no_img7.gif
8189,이정현,https://search.pstatic.net/common?type=ofullfill&size=120x150&quality=95&direct=true&src=http%3A%2F%2Fsstatic.naver.net%2Fpeople%2F92%2F201911151340067581.png
8147,곽민아,none
9252,제임스 다시,none
7985,안드레이 이사옌코,none
8189,성병숙,none
9252,힐러리 배라포드,none
8189,윤상화,none
9519,유하나,https://search.pstatic.net/common?type=ofullfill&size=120x150&quality=95&direct=true&src=http%3A%2F%2Fsstatic.naver.net%2Fpeople%2F189%2F201106241036489441.jpg
8251,김윤숙,none
11007,베고냐 바르가스,none
7465,한현진,none
9432,김왕근,none
11150,존 플레처,none
9432,이상경,https://search.pstatic.net/common?type=ofullfill&size=120x150&quality=95&direct=true&src=http%3A%2F%2Fsstatic.naver.net%2Fpeople%2F32%2F201910221629443601.jpg
8147,정혜빈,none
10458,김혜리,none
9519,홍기준,https://search.pstatic.net/common?type=a&size=120x150&quality=95&direct=true&src=http%3A%2F%2Fsstatic.naver.net%2Fpeople%2F10%2F201708171542114731.png
10838,서반석,none
9519,최영도,none
7465,이루다,none
8251,이근숙,none
8251,조현식,none
9519,이광재,none
9519,박정식,none
9519,이종암,none
10110,케이트 보스워스,https://search.pstatic.net/common?type=a&size=120x150&quality=95&direct=true&src=http%3A%2F%2Fsstatic.naver.net%2Fpeople%2F18%2F201404211914247691.jpg
9519,조영진,https://search.pstatic.net/common?type=a&size=120x150&quality=95&direct=true&src=http%3A%2F%2Fsstatic.naver.net%2Fpeople%2F141%2F201208271335299921.jpg
8251,이정은,none
9519,장영남,https://search.pstatic.net/common?type=a&size=120x150&quality=95&direct=true&src=http%3A%2F%2Fsstatic.naver.net%2Fpeople%2Fportrait%2F202006%2F20200623155839190.jpg
9519,나혜진,https://search.pstatic.net/common?type=ofullfill&size=120x150&quality=95&direct=true&src=http%3A%2F%2Fsstatic.naver.net%2Fpeople%2Fportrait%2F201507%2F2015070816514485-6572983.jpg
8251,장성규,none
9519,윤성모,https://search.pstatic.net/common?type=a&size=120x150&quality=95&direct=true&src=http%3A%2F%2Fsstatic.naver.net%2Fpeople%2Fportrait%2F201912%2F201912201131256.jpg
9519,김휘열,none
9519,이상원,none
9519,김학충,none
11110,강길우,none
9519,이선균,https://search.pstatic.net/common?type=a&size=120x150&quality=95&direct=true&src=http%3A%2F%2Fsstatic.naver.net%2Fpeople%2Fportrait%2F201705%2F20170510003420102-7278827.jpg
8034,김선준,none
9519,최리호,https://search.pstatic.net/common?type=a&size=120x150&quality=95&direct=true&src=http%3A%2F%2Fsstatic.naver.net%2Fpeople%2Fportrait%2F201711%2F2017113000531159.jpg
9432,김용준,none
10838,김보나,none
9432,이채유,none
9432,이현아,https://ssl.pstatic.net/sstatic/keypage/outside/scui/people/img/no_img7.gif
9519,김정환,https://search.pstatic.net/common?type=ofullfill&size=120x150&quality=95&direct=true&src=http%3A%2F%2Fsstatic.naver.net%2Fpeople%2F95%2F201611181049216961.jpg
9519,김지성,none
9519,황상은,none
7465,박상규,https://ssl.pstatic.net/sstatic/keypage/outside/scui/people/img/no_img7.gif
7465,정윤송,none
7985,로만 야시노프스키,none
9519,경수진,none
9519,리강,none
9519,고재경,none
10370,배영의,none
9519,김종훈,none
10370,이안나,https://search.pstatic.net/common?type=ofullfill&size=120x150&quality=95&direct=true&src=http%3A%2F%2Fsstatic.naver.net%2Fpeople%2F13%2F20141230163945571.jpg
10877,레오 빌,none
8189,이승훈,none
8189,성정선,none
11175,차순배,none
11074,아드리아 콜라도,none
10877,시즈 바벳 크누센,none
10370,이능룡,none
8189,예산,none
8189,윤초희,https://ssl.pstatic.net/sstatic/keypage/outside/scui/people/img/no_img7.gif
11323,김영철,https://search.pstatic.net/common?type=ofullfill&size=120x150&quality=95&direct=true&src=http%3A%2F%2Fpeople.phinf.naver.net%2F20200514_274%2F1589422034988bQ9AB_JPEG%2Fmovie_56430.jpg
9519,소남섭,none
10877,스티브 오램,none
11074,크리스티나 브론도,none
7985,빅토르 즈다노프,none
8189,심혜규,none
9252,드류 밴 에커,none
8034,이상경,https://search.pstatic.net/common?type=ofullfill&size=120x150&quality=95&direct=true&src=http%3A%2F%2Fsstatic.naver.net%2Fpeople%2F32%2F201910221629443601.jpg
9432,박해수,https://search.pstatic.net/common?type=a&size=120x150&quality=95&direct=true&src=http%3A%2F%2Fsstatic.naver.net%2Fpeople%2Fportrait%2F201909%2F20190918175635965.gif
7480,레이첼 맥아담스,https://search.pstatic.net/common?type=a&size=120x150&quality=95&direct=true&src=http%3A%2F%2Fsstatic.naver.net%2Fpeople%2F39%2F201311081448211311.jpg
9252,스티븐 스트레이트,https://search.pstatic.net/common?type=a&size=120x150&quality=95&direct=true&src=http%3A%2F%2Fsstatic.naver.net%2Fpeople%2F3%2F201711241657295721.jpg
9210,아치 카오,none
10370,오영주,https://ssl.pstatic.net/sstatic/keypage/outside/scui/people/img/no_img7.gif
10370,이새별,none
8251,이칸희,https://search.pstatic.net/common?type=a&size=120x150&quality=95&direct=true&src=http%3A%2F%2Fsstatic.naver.net%2Fpeople%2F77%2F201603281715274031.png
8189,이정은,none
10877,줄리안 바랫,none
9519,김홍파,https://search.pstatic.net/common?type=a&size=120x150&quality=95&direct=true&src=http%3A%2F%2Fsstatic.naver.net%2Fpeople%2F199%2F201708231732293521.jpg
11175,설경구,https://search.pstatic.net/common?type=a&size=120x150&quality=95&direct=true&src=http%3A%2F%2Fsstatic.naver.net%2Fpeople%2Fportrait%2F201707%2F20170712110232236-4258953.jpg
9378,요한 올슨,none
11175,강기영,https://search.pstatic.net/common?type=a&size=120x150&quality=95&direct=true&src=http%3A%2F%2Fsstatic.naver.net%2Fpeople%2Fportrait%2F202008%2F2020080310460618.jpg
11074,루치아 게레로,none
9519,이주원,https://search.pstatic.net/common?type=ofullfill&size=120x150&quality=95&direct=true&src=http%3A%2F%2Fsstatic.naver.net%2Fpeople%2F26%2F201907121541394121.jpg
10458,조연호,https://search.pstatic.net/common?type=ofullfill&size=120x150&quality=95&direct=true&src=http%3A%2F%2Fsstatic.naver.net%2Fpeople%2F185%2F201607111125543511.jpg
7985,비야체슬라프 도브첸코,none
9519,김정영,https://search.pstatic.net/common?type=ofullfill&size=120x150&quality=95&direct=true&src=http%3A%2F%2Fsstatic.naver.net%2Fpeople%2F166%2F201706201109316911.jpg
9432,이시영,https://search.pstatic.net/common?type=ofullfill&size=120x150&quality=95&direct=true&src=http%3A%2F%2Fsstatic.naver.net%2Fpeople%2Fportrait%2F202004%2F20200414114944558.jpg
11007,호세 루이스 데 마다리아가,none
9432,김승호,none
7592,정진영,https://search.pstatic.net/common?type=a&size=120x150&quality=95&direct=true&src=http%3A%2F%2Fsstatic.naver.net%2Fpeople%2F109%2F201602041013126021.jpg
9519,이재환,none
8147,임형국,https://search.pstatic.net/common?type=a&size=120x150&quality=95&direct=true&src=http%3A%2F%2Fsstatic.naver.net%2Fpeople%2Fportrait%2F202005%2F20200504111936122.jpg
9432,김소현,https://search.pstatic.net/common?type=ofullfill&size=120x150&quality=95&direct=true&src=http%3A%2F%2Fsstatic.naver.net%2Fpeople%2Fportrait%2F202101%2F20210127171447121.jpg
10110,,none
9432,이현우,https://search.pstatic.net/common?type=a&size=120x150&quality=95&direct=true&src=http%3A%2F%2Fsstatic.naver.net%2Fpeople%2F165%2F201611031529144661.jpg
7592,김민희,https://search.pstatic.net/common?type=a&size=120x150&quality=95&direct=true&src=http%3A%2F%2Fsstatic.naver.net%2Fpeople%2Fportrait%2F201408%2F20140825155028107-6430364.jpg
10370,선지형,none
9432,이정민,none
8147,이지윤,none
11110,민경진,https://search.pstatic.net/common?type=a&size=120x150&quality=95&direct=true&src=http%3A%2F%2Fsstatic.naver.net%2Fpeople%2Fportrait%2F202007%2F20200728180332205-8133167.jpg
10877,마리안 장 밥티스트,none
10877,그웬돌린 크리스티,https://search.pstatic.net/common?type=a&size=120x150&quality=95&direct=true&src=http%3A%2F%2Fsstatic.naver.net%2Fpeople%2F188%2F201703141342209731.jpg
8109,후지이 유키요,none
9432,손종학,none
9432,강정훈,none
9519,이영호,none
9432,한윤경,https://search.pstatic.net/common?type=ofullfill&size=120x150&quality=95&direct=true&src=http%3A%2F%2Fsstatic.naver.net%2Fpeople%2F150%2F201811211746435291.jpg
9369,스다 마사키,none
9519,정태야,none
11110,김성령,https://search.pstatic.net/common?type=a&size=120x150&quality=95&direct=true&src=http%3A%2F%2Fsstatic.naver.net%2Fpeople%2F165%2F201305311209581101.jpg
9519,심완준,https://search.pstatic.net/common?type=a&size=120x150&quality=95&direct=true&src=http%3A%2F%2Fsstatic.naver.net%2Fpeople%2Fportrait%2F202104%2F20210407160722996.jpg
9519,박형수,none
7465,이선호,https://search.pstatic.net/common?type=ofullfill&size=120x150&quality=95&direct=true&src=http%3A%2F%2Fsstatic.naver.net%2Fpeople%2Fportrait%2F201712%2F20171205141642230.jpg
9432,조혜인,none
9432,이동용,https://search.pstatic.net/common?type=a&size=120x150&quality=95&direct=true&src=http%3A%2F%2Fsstatic.naver.net%2Fpeople%2Fportrait%2F201603%2F20160327210309716.jpg
10917,판빙빙,https://search.pstatic.net/common?type=a&size=120x150&quality=95&direct=true&src=http%3A%2F%2Fsstatic.naver.net%2Fpeople%2F105%2F201406021059063741.jpg
9432,왕봄,none
9432,현봉식,none
10370,엄태나,none
8251,정탁,none
8251,정성일,none
10370,김재욱,https://search.pstatic.net/common?type=a&size=120x150&quality=95&direct=true&src=http%3A%2F%2Fsstatic.naver.net%2Fpeople%2Fportrait%2F201811%2F2018111617380475-4456471.jpg
8471,펑목이,none
10370,박정애,none
7480,스콧 앳킨스,https://search.pstatic.net/common?type=ofullfill&size=120x150&quality=95&direct=true&src=http%3A%2F%2Fsstatic.naver.net%2Fpeople%2F171%2F202003301652468771.jpg
8630,멜 레이도,none
8147,최진혁,https://search.pstatic.net/common?type=a&size=120x150&quality=95&direct=true&src=http%3A%2F%2Fsstatic.naver.net%2Fpeople%2F15%2F201808091600553711.jpg
7465,손영주,https://search.pstatic.net/common?type=ofullfill&size=120x150&quality=95&direct=true&src=http%3A%2F%2Fpeople.phinf.naver.net%2F20200514_239%2F1589429210349jup9T_JPEG%2Fmovie_340631.jpg
7465,김보라,https://search.pstatic.net/common?type=ofullfill&size=120x150&quality=95&direct=true&src=http%3A%2F%2Fsstatic.naver.net%2Fpeople%2Fportrait%2F201905%2F20190531102411382.jpg
8251,김형구,none
8251,승의열,https://search.pstatic.net/common?type=a&size=120x150&quality=95&direct=true&src=http%3A%2F%2Fsstatic.naver.net%2Fpeople%2F37%2F202003241343183421.png
7465,권재현,none
11429,제이 코트니,none
8251,유수빈,none
11007,세르기오 카스텔라노스,none
10370,김상석,none
10370,장희준,none
10370,변진영,none
7465,노시홍,none
8147,김승현,none
8147,김지원,https://search.pstatic.net/common?type=ofullfill&size=120x150&quality=95&direct=true&src=http%3A%2F%2Fsstatic.naver.net%2Fpeople%2Fportrait%2F201606%2F20160617153540116.jpg
9432,박성연,none
10370,서수민,none
8147,김병석,https://ssl.pstatic.net/sstatic/keypage/outside/scui/people/img/no_img7.gif
10370,송유현,none
8189,나경찬,none
9519,권중현,none
8630,모자나 알라오우이,none
9432,김응수,https://search.pstatic.net/common?type=a&size=120x150&quality=95&direct=true&src=http%3A%2F%2Fsstatic.naver.net%2Fpeople%2F49%2F200802131144125281.jpg
9519,양준석,https://ssl.pstatic.net/sstatic/keypage/outside/scui/people/img/no_img7.gif
8189,박선하,none
8251,전현숙,none
8147,이선호,https://search.pstatic.net/common?type=ofullfill&size=120x150&quality=95&direct=true&src=http%3A%2F%2Fsstatic.naver.net%2Fpeople%2Fportrait%2F201712%2F20171205141642230.jpg
8147,안진희,https://ssl.pstatic.net/sstatic/keypage/outside/scui/people/img/no_img7.gif
9432,박지현,none
10370,유재,none
9519,이승훈,none
10838,이다은,none
8034,조세린,none
9432,김명신,none
9519,성병숙,none
9432,최효주,none
8109,다카스기 마히로,none
9432,김민석,https://search.pstatic.net/common?type=a&size=120x150&quality=95&direct=true&src=http%3A%2F%2Fsstatic.naver.net%2Fpeople%2Fportrait%2F202009%2F20200925155934732-1273964.jpg
8147,이주영,none
8109,후쿠시마 쥰,none
11594,이달형,https://search.pstatic.net/common?type=a&size=120x150&quality=95&direct=true&src=http%3A%2F%2Fsstatic.naver.net%2Fpeople%2Fportrait%2F202101%2F2021013022312560-3386321.jpg
9519,변우진,none
8147,인유선,none
8147,이동호,https://ssl.pstatic.net/sstatic/keypage/outside/scui/people/img/no_img7.gif
8147,윤종석,none
10370,최선희,https://ssl.pstatic.net/sstatic/keypage/outside/scui/people/img/no_img7.gif
9432,박성익,none
9519,금광산,none
7985,마카르 티코미로프,none
9432,남태우,none
8147,김용경,none
7465,원정,none
8147,조수혁,none
9432,이지예,none
8147,정자영,https://ssl.pstatic.net/sstatic/keypage/outside/scui/people/img/no_img7.gif
8147,이소원,none
8147,김서년,https://search.pstatic.net/common?type=ofullfill&size=120x150&quality=95&direct=true&src=http%3A%2F%2Fsstatic.naver.net%2Fpeople%2F97%2F20210215120914271.jpg
7465,남미정,none
10370,허예슬,none
9519,조성준,https://search.pstatic.net/common?type=ofullfill&size=120x150&quality=95&direct=true&src=http%3A%2F%2Fsstatic.naver.net%2Fpeople%2F168%2F201807091359114261.jpg
8147,김새벽,https://search.pstatic.net/common?type=a&size=120x150&quality=95&direct=true&src=http%3A%2F%2Fsstatic.naver.net%2Fpeople%2Fportrait%2F202012%2F20201208180704781.jpg
9519,김경태,https://search.pstatic.net/common?type=ofullfill&size=120x150&quality=95&direct=true&src=http%3A%2F%2Fsstatic.naver.net%2Fpeople%2F76%2F201410141541274181.jpg
9519,윤기현,none
9432,정인경,none
9131,데이비드 호크니,none
11110,전운종,https://search.pstatic.net/common?type=a&size=120x150&quality=95&direct=true&src=http%3A%2F%2Fsstatic.naver.net%2Fpeople%2Fportrait%2F202009%2F20200916150010529.png
8147,나주호,none
11594,서영,https://search.pstatic.net/common?type=a&size=120x150&quality=95&direct=true&src=http%3A%2F%2Fsstatic.naver.net%2Fpeople%2Fportrait%2F202009%2F20200917090858716-3441215.jpg
8147,광복동,none
8147,이승훈,none
8034,차지원,https://search.pstatic.net/common?type=ofullfill&size=120x150&quality=95&direct=true&src=http%3A%2F%2Fsstatic.naver.net%2Fpeople%2F187%2F201107050954052911.jpg
9432,윤민,none
11594,장영,none
9519,이현아,https://ssl.pstatic.net/sstatic/keypage/outside/scui/people/img/no_img7.gif
10917,멜빌 푸포,none
9519,박진욱,none
10370,안희진,none
9432,김대국,none
9519,허인구,none
9000,곡현명,none
9519,황상진,none
8147,김연수,none
7465,정희주,none
9432,김보령,https://search.pstatic.net/common?type=a&size=120x150&quality=95&direct=true&src=http%3A%2F%2Fsstatic.naver.net%2Fpeople%2Fportrait%2F201908%2F20190806165440139.jpg
8147,정지혜,none
9432,김혜지,none
9432,모세연,none
9432,한주영,https://search.pstatic.net/common?type=a&size=120x150&quality=95&direct=true&src=http%3A%2F%2Fsstatic.naver.net%2Fpeople%2Fportrait%2F201608%2F20160816113653790-2664142.jpg
9519,이정민,none
8147,최교식,none
9432,조혜빈,none
7592,마크 페란슨,none
9519,이승일,none
9432,장민주,none
11429,안소니 라모스,none
9369,우에노 주리,https://search.pstatic.net/common?type=a&size=120x150&quality=95&direct=true&src=http%3A%2F%2Fsstatic.naver.net%2Fpeople%2F123%2F201501201052279981.jpg
8189,김경선,https://ssl.pstatic.net/sstatic/keypage/outside/scui/people/img/no_img7.gif
9000,허경천,none
9432,유정호,https://search.pstatic.net/common?type=ofullfill&size=120x150&quality=95&direct=true&src=http%3A%2F%2Fsstatic.naver.net%2Fpeople%2Fportrait%2F202103%2F2021030811120552.jpg
11429,로버트 패트릭,none
8147,이세진,none
8251,이도국,https://search.pstatic.net/common?type=a&size=120x150&quality=95&direct=true&src=http%3A%2F%2Fsstatic.naver.net%2Fpeople%2Fportrait%2F201908%2F20190820175521659.jpg
10917,오월,https://ssl.pstatic.net/sstatic/keypage/outside/scui/people/img/no_img7.gif
8251,김나은,https://ssl.pstatic.net/sstatic/keypage/outside/scui/people/img/no_img7.gif
9432,지찬,none
10370,전대정,none
8251,김시영,https://search.pstatic.net/common?type=a&size=120x150&quality=95&direct=true&src=http%3A%2F%2Fsstatic.naver.net%2Fpeople%2Fportrait%2F201911%2F20191104040003782-642140.jpg
10370,윤영민,none
11175,이정은,none
9432,김나나,https://ssl.pstatic.net/sstatic/keypage/outside/scui/people/img/no_img7.gif
8147,장일선,none
8147,전지혜,none
10370,권영란,none
10370,임혜나,none
8251,박지현,none
8034,최지영,https://ssl.pstatic.net/sstatic/keypage/outside/scui/people/img/no_img7.gif
8147,송기석,none
7465,이걸기,none
7465,오동진,https://search.pstatic.net/common?type=ofullfill&size=120x150&quality=95&direct=true&src=http%3A%2F%2Fpeople.phinf.naver.net%2F20200514_227%2F1589421457313IA761_JPEG%2Fmovie_8327.jpg
8898,최규환,https://search.pstatic.net/common?type=a&size=120x150&quality=95&direct=true&src=http%3A%2F%2Fsstatic.naver.net%2Fpeople%2Fportrait%2F201601%2F20160106140537217-6566283.jpg
9432,최태민,none
7480,베네딕 컴버배치,none
8251,오치운,https://search.pstatic.net/common?type=ofullfill&size=120x150&quality=95&direct=true&src=http%3A%2F%2Fsstatic.naver.net%2Fpeople%2F67%2F202004091535273581.jpg
9369,키타무라 타쿠미,none
11429,제프리 다너번,none
8109,타나카 아츠코,none
8109,린,none
7592,이완민,none
8147,최수영,https://ssl.pstatic.net/sstatic/keypage/outside/scui/people/img/no_img7.gif
9432,주석태,https://search.pstatic.net/common?type=a&size=120x150&quality=95&direct=true&src=http%3A%2F%2Fsstatic.naver.net%2Fpeople%2Fportrait%2F202005%2F20200519140217399-8928829.jpg
7465,장종례,none
11074,팔로마 블로이드,none
8147,권준희,none
11594,김세희,none
8147,오예진,none
8147,조은원,none
9432,권도운,none
9432,이강빈,https://search.pstatic.net/common?type=ofullfill&size=120x150&quality=95&direct=true&src=http%3A%2F%2Fpeople.phinf.naver.net%2F20200514_294%2F1589422279374xLDVB_JPEG%2Fmovie_70781.jpg
10370,임경빈,none
9432,김경환,https://ssl.pstatic.net/sstatic/keypage/outside/scui/people/img/no_img7.gif
9432,정아영,https://ssl.pstatic.net/sstatic/keypage/outside/scui/people/img/no_img7.gif
9432,전명준,none
11092,김가희,https://search.pstatic.net/common?type=a&size=120x150&quality=95&direct=true&src=http%3A%2F%2Fsstatic.naver.net%2Fpeople%2Fportrait%2F202008%2F20200814231442330.png
11175,도희,none
8147,유동훈,none
7465,김동준,none
8898,유광수,none
9519,신성훈,https://search.pstatic.net/common?type=ofullfill&size=120x150&quality=95&direct=true&src=http%3A%2F%2Fsstatic.naver.net%2Fpeople%2Fportrait%2F202004%2F20200416062851348-7253980.jpg
7465,유소현,https://search.pstatic.net/common?type=a&size=120x150&quality=95&direct=true&src=http%3A%2F%2Fsstatic.naver.net%2Fpeople%2Fportrait%2F201407%2F20140724015958695-155959.png
7465,안태혁,none
9519,임호준,none
9432,임철수,none
7465,송영숙,none
7592,이자벨 위페르,https://search.pstatic.net/common?type=a&size=120x150&quality=95&direct=true&src=http%3A%2F%2Fsstatic.naver.net%2Fpeople%2F9%2F201502161750331911.jpg
10917,황각,https://search.pstatic.net/common?type=a&size=120x150&quality=95&direct=true&src=http%3A%2F%2Fsstatic.naver.net%2Fpeople%2F28%2F201907191447041241.jpg
9432,김병철,none
8147,김채린,https://ssl.pstatic.net/sstatic/keypage/outside/scui/people/img/no_img7.gif
9519,이재현,none
7465,이도윤,https://search.pstatic.net/common?type=ofullfill&size=120x150&quality=95&direct=true&src=http%3A%2F%2Fsstatic.naver.net%2Fpeople%2Fportrait%2F201504%2F20150419111630499-4875059.jpg
8147,이수연,https://ssl.pstatic.net/sstatic/keypage/outside/scui/people/img/no_img7.gif
8147,김도현,https://search.pstatic.net/common?type=ofullfill&size=120x150&quality=95&direct=true&src=http%3A%2F%2Fpeople.phinf.naver.net%2F20200514_247%2F15894219661960Rw8R_JPEG%2Fmovie_53220.jpg
9432,가경,none
11429,자스민 시퍼스 존스,none
9519,김태훈,https://search.pstatic.net/common?type=a&size=120x150&quality=95&direct=true&src=http%3A%2F%2Fsstatic.naver.net%2Fpeople%2F71%2F201801222151163331.jpg
8147,조성훈,https://search.pstatic.net/common?type=ofullfill&size=120x150&quality=95&direct=true&src=http%3A%2F%2Fsstatic.naver.net%2Fpeople%2Fportrait%2F201510%2F20151007053937274.jpg
8147,김성령,https://search.pstatic.net/common?type=a&size=120x150&quality=95&direct=true&src=http%3A%2F%2Fsstatic.naver.net%2Fpeople%2F165%2F201305311209581101.jpg
9519,송훈,none
9519,박성용,none
10370,이용희,none
8251,천준호,none
9432,장선,none
9432,심지혜,none
10370,이슬기,https://search.pstatic.net/common?type=ofullfill&size=120x150&quality=95&direct=true&src=http%3A%2F%2Fsstatic.naver.net%2Fpeople%2Fportrait%2F201308%2F20130830112632106.png
8189,김인수,none
8189,윤영균,none
7465,한민정,none
8251,권윤경,none
7592,장미희,https://ssl.pstatic.net/sstatic/keypage/outside/scui/people/img/no_img7.gif
9432,조애리,none
11429,케이트 월쉬,none
8147,홍승이,none
10370,김태희,https://search.pstatic.net/common?type=ofullfill&size=120x150&quality=95&direct=true&src=http%3A%2F%2Fsstatic.naver.net%2Fpeople%2F144%2F202103301549069941.png
9432,장혜원,none
8189,원동연,none
8147,백대현,https://ssl.pstatic.net/sstatic/keypage/outside/scui/people/img/no_img7.gif
8189,김래원,https://search.pstatic.net/common?type=a&size=120x150&quality=95&direct=true&src=http%3A%2F%2Fsstatic.naver.net%2Fpeople%2Fportrait%2F201701%2F20170112145759747-9836275.jpg
9432,한소은,none
8147,이선미,none
8147,nakahara yurika,none
8147,최윤빈,none
8251,이지숙,none
10370,홍정택,none
8189,오민애,none
7465,김도담,none
11074,아이린 몬탈라,none
8147,김수정,https://search.pstatic.net/common?type=ofullfill&size=120x150&quality=95&direct=true&src=http%3A%2F%2Fsstatic.naver.net%2Fpeople%2F59%2F20070504002144197256182.jpg
8147,박현진,https://ssl.pstatic.net/sstatic/keypage/outside/scui/people/img/no_img7.gif
9369,마츠모토 준,https://ssl.pstatic.net/sstatic/keypage/outside/scui/people/img/no_img7.gif
10370,현지윤,none
8147,임수현,none
8147,홍춘기,none
10370,양동욱,none
11594,조경훈,https://search.pstatic.net/common?type=a&size=120x150&quality=95&direct=true&src=http%3A%2F%2Fsstatic.naver.net%2Fpeople%2F49%2F201909231208205541.png
8898,최윤빈,none
8147,김성환,none
8034,박선규,none
8251,송민후,none
8034,배보경,none
8147,문준영,https://ssl.pstatic.net/sstatic/keypage/outside/scui/people/img/no_img7.gif
8147,윤효진,none
8034,아빠),none
9519,양희철,none
9519,최용훈,https://search.pstatic.net/common?type=ofullfill&size=120x150&quality=95&direct=true&src=http%3A%2F%2Fsstatic.naver.net%2Fpeople%2F59%2F201712281425271121.jpg
8075,데브라 메싱,https://search.pstatic.net/common?type=a&size=120x150&quality=95&direct=true&src=http%3A%2F%2Fsstatic.naver.net%2Fpeople%2F4%2F201711131808333581.jpg
7465,강산에,none
9252,마크 파미글리에티,none
9432,임은지,none
11594,김성수,https://search.pstatic.net/common?type=a&size=120x150&quality=95&direct=true&src=http%3A%2F%2Fsstatic.naver.net%2Fpeople%2Fportrait%2F201606%2F20160614160538942-1018137.jpg
9378,오마르 샤르가위,none
8034,김형욱,https://ssl.pstatic.net/sstatic/keypage/outside/scui/people/img/no_img7.gif
9432,유빈,none
9369,아오이 와카나,none
8147,김나현,https://ssl.pstatic.net/sstatic/keypage/outside/scui/people/img/no_img7.gif
8898,이일섭,none
9432,김동인,none
10838,방성영,https://search.pstatic.net/common?type=ofullfill&size=120x150&quality=95&direct=true&src=http%3A%2F%2Fsstatic.naver.net%2Fpeople%2F183%2F201706231606008791.jpg
7480,,none
9432,조은아,none
9000,유항,none
7480,틸다 스윈튼,https://search.pstatic.net/common?type=a&size=120x150&quality=95&direct=true&src=http%3A%2F%2Fsstatic.naver.net%2Fpeople%2F10%2F202010271646093791.jpg
8147,최현욱,none
8034,김형일,https://search.pstatic.net/common?type=ofullfill&size=120x150&quality=95&direct=true&src=http%3A%2F%2Fsstatic.naver.net%2Fpeople%2F29%2F201504231611319111.jpg
9432,강기원,none
7465,김현철,https://ssl.pstatic.net/sstatic/keypage/outside/scui/people/img/no_img7.gif
8898,김승현,none
8147,hiroshi ohashi,none
8147,이명찬,none
9432,김승범,none
8251,천호진,https://search.pstatic.net/common?type=a&size=120x150&quality=95&direct=true&src=http%3A%2F%2Fsstatic.naver.net%2Fpeople%2Fportrait%2F201802%2F20180219210759277.jpg
8147,김주경,none
8251,유창한,none
8147,이정은,none
7465,손영주,https://search.pstatic.net/common?type=ofullfill&size=120x150&quality=95&direct=true&src=http%3A%2F%2Fpeople.phinf.naver.net%2F20200514_239%2F1589429210349jup9T_JPEG%2Fmovie_340631.jpg
8147,이무섭,none
9519,최우성,none
8251,권혁규,none
7465,고관재,none
9432,김원목,none
7465,이용녀,none
8109,우치다 유우마,none
8147,김동준,none
7465,김재영,https://search.pstatic.net/common?type=a&size=120x150&quality=95&direct=true&src=http%3A%2F%2Fsstatic.naver.net%2Fpeople%2Fportrait%2F201709%2F20170922184339964-4581121.jpg
8147,고유정,none
7592,강태우,none
11323,정건영,none
8898,이달형,https://search.pstatic.net/common?type=a&size=120x150&quality=95&direct=true&src=http%3A%2F%2Fsstatic.naver.net%2Fpeople%2Fportrait%2F202101%2F2021013022312560-3386321.jpg
8251,박재영,https://search.pstatic.net/common?type=ofullfill&size=120x150&quality=95&direct=true&src=http%3A%2F%2Fsstatic.naver.net%2Fpeople%2Fportrait%2F201407%2F20140716235909804-9358572.png
8189,김숙인,none
9432,김시혜,none
8251,오일영,none
8147,황정훈,none
8898,지이수,https://search.pstatic.net/common?type=a&size=120x150&quality=95&direct=true&src=http%3A%2F%2Fsstatic.naver.net%2Fpeople%2Fportrait%2F201809%2F20180911132157728.jpg
8251,정유민,https://search.pstatic.net/common?type=ofullfill&size=120x150&quality=95&direct=true&src=http%3A%2F%2Fsstatic.naver.net%2Fpeople%2Fportrait%2F201704%2F20170427023256258-7526951.jpg
9000,양준일,none
11110,심달기,https://search.pstatic.net/common?type=a&size=120x150&quality=95&direct=true&src=http%3A%2F%2Fsstatic.naver.net%2Fpeople%2Fportrait%2F201905%2F20190523144443464.jpg
8034,박진호,https://search.pstatic.net/common?type=ofullfill&size=120x150&quality=95&direct=true&src=http%3A%2F%2Fpeople.phinf.naver.net%2F20200514_101%2F1589422262357hznUQ_JPEG%2Fmovie_69866.jpg
9432,강윤혜,none
11594,윤준호,https://search.pstatic.net/common?type=ofullfill&size=120x150&quality=95&direct=true&src=http%3A%2F%2Fsstatic.naver.net%2Fpeople%2F126%2F202002101459478701.png
8251,위하준,https://search.pstatic.net/common?type=a&size=120x150&quality=95&direct=true&src=http%3A%2F%2Fsstatic.naver.net%2Fpeople%2Fportrait%2F202003%2F2020031011345737-1378586.jpg
8147,강종성,none
10370,김주헌,none
8147,takumi harada,none
9519,이웅희,https://search.pstatic.net/common?type=ofullfill&size=120x150&quality=95&direct=true&src=http%3A%2F%2Fsstatic.naver.net%2Fpeople%2Fportrait%2F202003%2F20200316105407838-8155137.jpg
9252,애디슨 팀린,none
8147,최태현,none
8147,한지민,https://search.pstatic.net/common?type=ofullfill&size=120x150&quality=95&direct=true&src=http%3A%2F%2Fsstatic.naver.net%2Fpeople%2Fportrait%2F202012%2F20201207121916662.jpg
8251,윤기창,none
9432,차도빈,none
8147,채형식,none
9432,은지혜,none
9432,최지섭,none
8147,최홍수,none
9000,진희명,none
8147,이언지,none
9432,이수연,https://ssl.pstatic.net/sstatic/keypage/outside/scui/people/img/no_img7.gif
9369,오오쿠라 코지,none
9432,지서아,none
8147,박세정,none
9519,장성원,https://search.pstatic.net/common?type=a&size=120x150&quality=95&direct=true&src=http%3A%2F%2Fsstatic.naver.net%2Fpeople%2Fportrait%2F202012%2F20201215153557765.jpg
9432,류혜지,none
8147,김예슬,https://ssl.pstatic.net/sstatic/keypage/outside/scui/people/img/no_img7.gif
8251,조건희,none
8251,박종상,none
8898,옥고운,none
8147,박혜정,none
9432,윤재인,https://search.pstatic.net/common?type=ofullfill&size=120x150&quality=95&direct=true&src=http%3A%2F%2Fsstatic.naver.net%2Fpeople%2Fportrait%2F201812%2F20181212182247836-947272.jpg
7480,매즈 미켈슨,none
8147,김경희,none
11074,파블로 치아펠라,none
9519,이연우,none
8251,강수호,none
8147,고기훈,none
8251,김진욱,https://search.pstatic.net/common?type=ofullfill&size=120x150&quality=95&direct=true&src=http%3A%2F%2Fsstatic.naver.net%2Fpeople%2F129%2F201510131042166571.jpg
8147,권용만,none
8471,양양,none
8251,안지윤,none
11323,태항호,none
8251,윤진,none
9432,박광선,none
8189,강숙,none
9432,최병호,none
8034,민준호,https://search.pstatic.net/common?type=ofullfill&size=120x150&quality=95&direct=true&src=http%3A%2F%2Fsstatic.naver.net%2Fpeople%2Fportrait%2F201801%2F20180109170848144-9956816.jpg
8147,최세희,none
8251,배종옥,https://search.pstatic.net/common?type=a&size=120x150&quality=95&direct=true&src=http%3A%2F%2Fsstatic.naver.net%2Fpeople%2Fportrait%2F202006%2F20200608161819886-3619517.jpg
9519,박정민,https://search.pstatic.net/common?type=a&size=120x150&quality=95&direct=true&src=http%3A%2F%2Fsstatic.naver.net%2Fpeople%2F35%2F202007221607161351.jpg
8251,김서희,https://search.pstatic.net/common?type=ofullfill&size=120x150&quality=95&direct=true&src=http%3A%2F%2Fsstatic.naver.net%2Fpeople%2Fportrait%2F201104%2F20110419124045450.jpg
8898,최제우,https://search.pstatic.net/common?type=a&size=120x150&quality=95&direct=true&src=http%3A%2F%2Fsstatic.naver.net%2Fpeople%2Fportrait%2F201906%2F20190608125241114-4741816.jpg
9432,유영복,https://ssl.pstatic.net/sstatic/keypage/outside/scui/people/img/no_img7.gif
8251,이민웅,https://search.pstatic.net/common?type=a&size=120x150&quality=95&direct=true&src=http%3A%2F%2Fsstatic.naver.net%2Fpeople%2Fportrait%2F201905%2F20190523144705757.jpg
8251,강한샘,none
8251,손정현,none
8251,강병희,none
11429,리암 니슨,https://search.pstatic.net/common?type=a&size=120x150&quality=95&direct=true&src=http%3A%2F%2Fsstatic.naver.net%2Fpeople%2F187%2F201402181650353731.jpg
8251,김현,none
9432,왕봄,none
8147,박완,none
8251,임형태,none
9432,이승규,none
9432,장은정,https://ssl.pstatic.net/sstatic/keypage/outside/scui/people/img/no_img7.gif
9432,김영재,https://search.pstatic.net/common?type=ofullfill&size=120x150&quality=95&direct=true&src=http%3A%2F%2Fsstatic.naver.net%2Fpeople%2Fportrait%2F201811%2F2018111314591636.jpg
8471,양쯔탁,none
10110,헌터 패리쉬,none
8147,염혜선,none
8147,최효빈,none
9432,정용재,none
9432,오지혜,https://ssl.pstatic.net/sstatic/keypage/outside/scui/people/img/no_img7.gif
8251,신아인,none
8147,이상희,none
8147,이채연,none
9432,심근영,none
9432,김예빈,https://ssl.pstatic.net/sstatic/keypage/outside/scui/people/img/no_img7.gif
8147,최엄윤,none
9519,임용순,none
11323,이현웅,none
9000,대니 레이,none
8147,이희수,none
9432,김요한,none
8034,,none
9519,안재홍,https://ssl.pstatic.net/sstatic/keypage/outside/scui/people/img/no_img7.gif
8189,문소리,https://search.pstatic.net/common?type=a&size=120x150&quality=95&direct=true&src=http%3A%2F%2Fsstatic.naver.net%2Fpeople%2Fportrait%2F201806%2F20180601113141101-6480089.jpg
9432,윤세은,none
8123,마미야 쇼타로,none
10370,장영혜,none
8147,김진구,none
8251,서윤하,none
11553,라이언 필립,https://search.pstatic.net/common?type=a&size=120x150&quality=95&direct=true&src=http%3A%2F%2Fsstatic.naver.net%2Fpeople%2F79%2F201808211147551151.jpg
9432,김상호,https://search.pstatic.net/common?type=a&size=120x150&quality=95&direct=true&src=http%3A%2F%2Fsstatic.naver.net%2Fpeople%2Fportrait%2F202010%2F20201012185132753.jpg
9432,김진형,none
8251,박정숙,https://ssl.pstatic.net/sstatic/keypage/outside/scui/people/img/no_img7.gif
11594,박태진,https://search.pstatic.net/common?type=ofullfill&size=120x150&quality=95&direct=true&src=http%3A%2F%2Fsstatic.naver.net%2Fpeople%2Fportrait%2F201810%2F2018102202041183-3218320.jpg
8123,야모토 유마,none
8251,유재명,https://search.pstatic.net/common?type=a&size=120x150&quality=95&direct=true&src=http%3A%2F%2Fsstatic.naver.net%2Fpeople%2F119%2F201810231654475581.jpg
8251,권인호,none
11553,윌리엄 캇,none
11594,유지용,none
8123,다카스기 마히로,none
8251,이도건,none
11092,경다은,none
8123,이케다 에라이자,none
8251,세희,none
8123,츠치야 타오,none
8189,이지안,https://ssl.pstatic.net/sstatic/keypage/outside/scui/people/img/no_img7.gif
11092,현봉식,none
8471,류시동,none
8075,조셉 리,none
9432,박희은,https://ssl.pstatic.net/sstatic/keypage/outside/scui/people/img/no_img7.gif
11110,우지현,none
9432,류시민,none
9432,이창훈,https://search.pstatic.net/common?type=a&size=120x150&quality=95&direct=true&src=http%3A%2F%2Fsstatic.naver.net%2Fpeople%2F137%2F201403171353151271.jpg
7465,편상욱,none
9519,성도현,none
11092,이송희,https://ssl.pstatic.net/sstatic/keypage/outside/scui/people/img/no_img7.gif
9432,서예지,https://search.pstatic.net/common?type=a&size=120x150&quality=95&direct=true&src=http%3A%2F%2Fsstatic.naver.net%2Fpeople%2Fportrait%2F202003%2F20200320145618284.jpg
11092,문소리,https://search.pstatic.net/common?type=a&size=120x150&quality=95&direct=true&src=http%3A%2F%2Fsstatic.naver.net%2Fpeople%2Fportrait%2F201806%2F20180601113141101-6480089.jpg
10370,이규회,none
11553,사메어 암스트롱,none
8251,하복음,none
11553,윌리엄 맥나마라,none
9519,강찬희,none
11323,조병규,none
8251,김혜인,https://ssl.pstatic.net/sstatic/keypage/outside/scui/people/img/no_img7.gif
8251,김민아,https://ssl.pstatic.net/sstatic/keypage/outside/scui/people/img/no_img7.gif
9000,임신,none
8251,김정남,none
10110,크리스틴 스튜어트,https://search.pstatic.net/common?type=ofullfill&size=120x150&quality=95&direct=true&src=http%3A%2F%2Fsstatic.naver.net%2Fpeople%2F175%2F202101141603589711.png
11092,김미경,https://search.pstatic.net/common?type=ofullfill&size=120x150&quality=95&direct=true&src=http%3A%2F%2Fsstatic.naver.net%2Fpeople%2Fportrait%2F201507%2F20150706173033986-841908.jpg
8251,오희준,none
10370,차영남,https://search.pstatic.net/common?type=a&size=120x150&quality=95&direct=true&src=http%3A%2F%2Fsstatic.naver.net%2Fpeople%2F52%2F201911191209509281.png
8075,사라 손,none
10370,백재호,none
8251,손성찬,https://search.pstatic.net/common?type=a&size=120x150&quality=95&direct=true&src=http%3A%2F%2Fsstatic.naver.net%2Fpeople%2F22%2F201510141231086571.jpg
8251,김수경,none
10370,이두원,none
7501,리처드 매든,none
11092,조한철,https://search.pstatic.net/common?type=a&size=120x150&quality=95&direct=true&src=http%3A%2F%2Fsstatic.naver.net%2Fpeople%2Fportrait%2F201810%2F20181012111036226.jpg
8251,박성현,https://search.pstatic.net/common?type=ofullfill&size=120x150&quality=95&direct=true&src=http%3A%2F%2Fsstatic.naver.net%2Fpeople%2F12%2F201907291830394421.png
11092,장윤주,https://ssl.pstatic.net/sstatic/keypage/outside/scui/people/img/no_img7.gif
7465,김안젤라,none
9519,홍재성,none
8251,강말금,none
9519,김길동,none
9432,이정수,https://ssl.pstatic.net/sstatic/keypage/outside/scui/people/img/no_img7.gif
11553,캐스퍼 반 디엔,none
9519,김민재,none
8034,김영,https://search.pstatic.net/common?type=ofullfill&size=120x150&quality=95&direct=true&src=http%3A%2F%2Fsstatic.naver.net%2Fpeople%2F139%2F202103301329567571.jpg
10370,정은샘,none
9519,심상용,none
9432,김지성,none
10370,조영미,none
8075,존 조,https://search.pstatic.net/common?type=a&size=120x150&quality=95&direct=true&src=http%3A%2F%2Fsstatic.naver.net%2Fpeople%2Fportrait%2F201810%2F20181017155715418.jpg
7501,이드리스 엘바,https://search.pstatic.net/common?type=a&size=120x150&quality=95&direct=true&src=http%3A%2F%2Fsstatic.naver.net%2Fpeople%2F43%2F201910171645578271.jpg
8075,미셸 라,none
8251,이창훈,https://search.pstatic.net/common?type=a&size=120x150&quality=95&direct=true&src=http%3A%2F%2Fsstatic.naver.net%2Fpeople%2F137%2F201403171353151271.jpg
10370,진아름,https://search.pstatic.net/common?type=a&size=120x150&quality=95&direct=true&src=http%3A%2F%2Fsstatic.naver.net%2Fpeople%2Fportrait%2F201804%2F20180409205246210-4899556.png
9432,김범준,https://search.pstatic.net/common?type=ofullfill&size=120x150&quality=95&direct=true&src=http%3A%2F%2Fsstatic.naver.net%2Fpeople%2Fportrait%2F201208%2F20120821234854182-7473624.jpg
11092,김선영,https://search.pstatic.net/common?type=a&size=120x150&quality=95&direct=true&src=http%3A%2F%2Fsstatic.naver.net%2Fpeople%2F132%2F201402191101115241.jpg
8147,황지선,none
8251,신영주,https://ssl.pstatic.net/sstatic/keypage/outside/scui/people/img/no_img7.gif
8251,박형수,none
9519,엄지성,https://search.pstatic.net/common?type=a&size=120x150&quality=95&direct=true&src=http%3A%2F%2Fsstatic.naver.net%2Fpeople%2Fportrait%2F201801%2F20180108193707911-2274123.jpg
10370,신윤선,none
10370,김지유,https://ssl.pstatic.net/sstatic/keypage/outside/scui/people/img/no_img7.gif
9432,김성준,none
10110,알렉 볼드윈,none
8251,최현준,https://search.pstatic.net/common?type=ofullfill&size=120x150&quality=95&direct=true&src=http%3A%2F%2Fsstatic.naver.net%2Fpeople%2F175%2F201902121231215021.png
8251,안세빈,none
8251,김정중,none
11150,와이 칭 호,none
9432,김주령,https://search.pstatic.net/common?type=a&size=120x150&quality=95&direct=true&src=http%3A%2F%2Fsstatic.naver.net%2Fpeople%2Fportrait%2F201909%2F20190918231201500-1166905.jpg
8251,신문성,none
8251,손종학,none
10370,김은정,https://search.pstatic.net/common?type=a&size=120x150&quality=95&direct=true&src=http%3A%2F%2Fsstatic.naver.net%2Fpeople%2F6%2F20070518152318197104002.jpg
11092,임혜영,https://ssl.pstatic.net/sstatic/keypage/outside/scui/people/img/no_img7.gif
9432,김동현,none
8471,,none
9519,안용우,none
10370,정원,none
11092,장대웅,https://search.pstatic.net/common?type=a&size=120x150&quality=95&direct=true&src=http%3A%2F%2Fsstatic.naver.net%2Fpeople%2F78%2F201909271545503451.jpg
10838,,none
8147,akihiro nakagima,none
11557,평수도자 5인,none
11074,패트리샤 비코,none
8189,심려진,https://search.pstatic.net/common?type=ofullfill&size=120x150&quality=95&direct=true&src=http%3A%2F%2Fsstatic.naver.net%2Fpeople%2F182%2F201902211542436811.jpg
11323,배누리,https://search.pstatic.net/common?type=a&size=120x150&quality=95&direct=true&src=http%3A%2F%2Fsstatic.naver.net%2Fpeople%2Fportrait%2F202011%2F20201126124832817.jpg
11007,마리아 밸레스테로스,none
11007,이반 마르코스,none
9519,정재훈,none
11323,맹봉학,none
8189,전여빈,https://search.pstatic.net/common?type=a&size=120x150&quality=95&direct=true&src=http%3A%2F%2Fsstatic.naver.net%2Fpeople%2Fportrait%2F201904%2F20190422105402908-1015928.jpg
8251,송희정,none
9432,송나윤,none
8034,바스키아,none
8189,,none
9432,유인선,none
8147,kumiko kogio,none
8251,백윤식,https://search.pstatic.net/common?type=a&size=120x150&quality=95&direct=true&src=http%3A%2F%2Fsstatic.naver.net%2Fpeople%2Fportrait%2F201606%2F20160602110608645.jpg
11007,하비에르 보텟,none
11007,,none
11323,김규종,none
9432,김정우,none
9432,김시운,none
9519,,none
9432,성민수,none
8251,,none
9378,,none
9432,박광재,https://search.pstatic.net/common?type=a&size=120x150&quality=95&direct=true&src=http%3A%2F%2Fsstatic.naver.net%2Fpeople%2Fportrait%2F202101%2F20210121142915499.jpg
10917,,none
11074,,none
8034,조민기,https://search.pstatic.net/common?type=a&size=120x150&quality=95&direct=true&src=http%3A%2F%2Fsstatic.naver.net%2Fpeople%2Fportrait%2F201612%2F20161221180427903-7416388.jpg
11323,전재형,https://search.pstatic.net/common?type=a&size=120x150&quality=95&direct=true&src=http%3A%2F%2Fsstatic.naver.net%2Fpeople%2Fportrait%2F201802%2F20180201234657181-3080192.jpg
10877,,none
11557,,none
11323,,none
11175,,none
8109,,none
9252,,none
7501,,none
9432,정운,none
9000,,none
9131,,none
7592,,none
10370,이현정,none
9369,,none
11175,변요한,https://search.pstatic.net/common?type=a&size=120x150&quality=95&direct=true&src=http%3A%2F%2Fsstatic.naver.net%2Fpeople%2Fportrait%2F202101%2F20210111122258146.jpg
7985,,none
11553,,none
8898,,none
9432,김세영,none
11429,,none
8123,,none
11092,,none
9432,최태준,https://search.pstatic.net/common?type=a&size=120x150&quality=95&direct=true&src=http%3A%2F%2Fsstatic.naver.net%2Fpeople%2Fportrait%2F201901%2F20190111100246330-6555113.jpg
9432,,none
8251,조달환,https://search.pstatic.net/common?type=a&size=120x150&quality=95&direct=true&src=http%3A%2F%2Fsstatic.naver.net%2Fpeople%2F194%2F201408281056432381.jpg
8189,장준환,none
8147,,none
9432,정이삭,none
8251,성동일,https://search.pstatic.net/common?type=a&size=120x150&quality=95&direct=true&src=http%3A%2F%2Fsstatic.naver.net%2Fpeople%2F84%2F200803031339272621.jpg
11110,최원,none
8630,,none
8075,,none
11323,윤진영,https://search.pstatic.net/common?type=a&size=120x150&quality=95&direct=true&src=http%3A%2F%2Fsstatic.naver.net%2Fpeople%2Fportrait%2F201911%2F20191122184058460.jpg
9210,,none
10370,,none
11110,,none
10458,,none
7465,,none
11594,,none
11150,,none
